user_query,category,tarot_response,processed_query
Will my financial sacrifices pay off in the long run?,Finance,"The The Moon appears in your financial reading, indicating a cycle of scarcity is coming to an end. Consider seek advice from a financial professional.",financial sacrifice pay long run
What career path should I pursue?,Career,"The Strength indicates that professionally, a period of evaluation will lead to better career alignment. be open to paths you hadn't previously considered.",career path pursue
Should I trust my intuition about this financial decision?,Finance,"Regarding your finances, the Four of Cups suggests that unexpected expenses may require attention. create a detailed budget for the coming months.",trust intuition financial decision
Will my health improve soon?,Health,"For your health concerns, the Wheel of Fortune indicates that connecting mind and body practices will accelerate healing. consider getting a second opinion about ongoing concerns.",health improve soon
Is my current financial advisor right for me?,Finance,"Regarding your finances, the The Emperor suggests that unexpected expenses may require attention. be cautious with investments at this time.",current financial advisor right
Is my partner the right one for me?,Love,Drawing the Temperance for your question about love shows that you may need to release past hurts to move forward. communicate your needs more clearly.,partner right one
Should I make this investment?,Finance,"The Three of Wands appears in your financial reading, indicating a cycle of scarcity is coming to an end. Consider balance saving with allowing yourself small pleasures.",make investment
Should I make this investment?,Finance,The energy of the The Chariot influences your financial path. a new source of income may soon emerge. be cautious with investments at this time.,make investment
Will I achieve my savings goals?,Finance,"Regarding your finances, the The Emperor suggests that your financial discipline will be rewarded. balance saving with allowing yourself small pleasures.",achieve saving goal
How can I live more authentically?,Personal Growth,"In your personal journey, the King of Cups emerges, indicating that a deeper understanding of yourself is developing. seek learning opportunities that expand your worldview.",live authentically
Will I find true love this year?,Love,The energy of the Three of Cups surrounds your romantic situation. you may need to release past hurts to move forward. communicate your needs more clearly.,find true love year
How can I best support my body during this time?,Health,"For your health concerns, the King of Cups indicates that addressing stress will improve overall health. consider getting a second opinion about ongoing concerns.",best support body time
How can I improve my sleep quality?,Health,Drawing the Eight of Cups for your health question shows that a new approach to wellness will bring positive results. consider getting a second opinion about ongoing concerns.,improve sleep quality
How can I prepare for future financial challenges?,Finance,The energy of the Temperance influences your financial path. a new source of income may soon emerge. seek advice from a financial professional.,prepare future financial challenge
Will my health improve soon?,Health,"The The World appears in your health reading, suggesting listening to your body's signals will prevent future issues. incorporate more mindfulness into your daily routine.",health improve soon
Will I face unexpected expenses soon?,Finance,"Your financial situation is reflected by the The High Priestess, showing that careful planning now will lead to future stability. balance saving with allowing yourself small pleasures.",face unexpected expense soon
How can I live more authentically?,Personal Growth,"Your spiritual path is illuminated by the King of Cups, showing that challenges ahead will ultimately strengthen your resolve. maintain a regular journaling practice.",live authentically
How can I increase my energy levels?,Health,"The The Star appears in your health reading, suggesting listening to your body's signals will prevent future issues. incorporate more mindfulness into your daily routine.",increase energy level
Will I have a romantic connection with someone new soon?,Love,Your love situation is reflected in the Justice. It indicates a new relationship may enter your life soon. Consider communicate your needs more clearly.,romantic connection someone new soon
Should I try this new treatment?,Health,"For your health concerns, the Eight of Cups indicates that listening to your body's signals will prevent future issues. incorporate more mindfulness into your daily routine.",try new treatment
Should I pursue further education for my career?,Career,"The Six of Cups indicates that professionally, collaboration with others will bring unexpected success. network with those in positions you aspire to.",pursue education career
Will this alternative therapy be beneficial for me?,Health,"The The Fool appears in your health reading, suggesting connecting mind and body practices will accelerate healing. seek balance between rest and activity.",alternative therapy beneficial
Will my long-distance relationship work out?,Love,Your love situation is reflected in the The Lovers. It indicates a new relationship may enter your life soon. Consider give yourself time to heal before moving forward.,longdistance relationship work
How can I achieve better balance in my physical wellbeing?,Health,"The Temperance appears in your health reading, suggesting connecting mind and body practices will accelerate healing. incorporate more mindfulness into your daily routine.",achieve better balance physical wellbeing
Should I explore this new philosophy or belief system?,Personal Growth,"In your personal journey, the Death emerges, indicating that connections with like-minded individuals will accelerate your growth. practice gratitude to enhance awareness of life's gifts.",explore new philosophy belief system
Will my new budget plan work?,Finance,"The Six of Cups appears in your financial reading, indicating a cycle of scarcity is coming to an end. Consider seek advice from a financial professional.",new budget plan work
Am I on the right spiritual path?,Personal Growth,The energy of the Two of Wands guides your personal growth. old limitations are dissolving as you embrace authenticity. maintain a regular journaling practice.,right spiritual path
Will I receive the promotion I'm hoping for?,Career,Your work situation is influenced by the Four of Cups. This means collaboration with others will bring unexpected success. pursue additional training or education.,receive promotion im hoping
Is starting my own business a good idea?,Career,Drawing the Wheel of Fortune for your career question reveals that collaboration with others will bring unexpected success. Now is the time to maintain balance between ambition and wellbeing.,starting business good idea
Will getting back with my ex work out?,Love,The Page of Cups reveals that there's a powerful transformation coming in your love life. This suggests that existing bonds will strengthen through honest communication. communicate your needs more clearly.,getting back ex work
How can I become more confident?,Personal Growth,The energy of the The Emperor guides your personal growth. old limitations are dissolving as you embrace authenticity. explore meditation or contemplative practices.,become confident
Will I achieve my savings goals?,Finance,"Your financial situation is reflected by the Four of Wands, showing that a cycle of scarcity is coming to an end. be cautious with investments at this time.",achieve saving goal
How can I heal from past trauma?,Personal Growth,"Your spiritual path is illuminated by the King of Cups, showing that connections with like-minded individuals will accelerate your growth. practice gratitude to enhance awareness of life's gifts.",heal past trauma
Will I find a new job soon?,Career,Drawing the The Hierophant for your career question reveals that a leadership opportunity will soon present itself. Now is the time to maintain balance between ambition and wellbeing.,find new job soon
Should I make major changes to my lifestyle for health?,Health,"Your wellbeing is influenced by the The Sun, which reveals small, consistent changes will have significant impact. seek balance between rest and activity.",make major change lifestyle health
Is starting my own business a good idea?,Career,"The Eight of Cups indicates that professionally, your creative approach will lead to recognition. trust your unique skills and perspective.",starting business good idea
Should I take a risk with this career opportunity?,Career,"In your career path, the Temperance appears, suggesting a challenging project will ultimately benefit your growth. be open to paths you hadn't previously considered.",take risk career opportunity
Is my current financial advisor right for me?,Finance,The energy of the King of Cups influences your financial path. careful planning now will lead to future stability. be cautious with investments at this time.,current financial advisor right
Should I explore this new philosophy or belief system?,Personal Growth,"The Eight of Cups reflects your inner development, suggesting a deeper understanding of yourself is developing. maintain a regular journaling practice.",explore new philosophy belief system
Should I change my approach to managing money?,Finance,"Regarding your finances, the Four of Cups suggests that unexpected expenses may require attention. focus on building multiple streams of income.",change approach managing money
Will my relationship survive this difficult period?,Love,The energy of the The Moon surrounds your romantic situation. unexpected romantic opportunities will appear. focus on self-love as the foundation for relationship success.,relationship survive difficult period
How can I live more authentically?,Personal Growth,"The Wheel of Fortune reflects your inner development, suggesting a deeper understanding of yourself is developing. create boundaries that honor your authentic self.",live authentically
Should I be more conservative with my finances?,Finance,"Your financial situation is reflected by the King of Cups, showing that a new source of income may soon emerge. be cautious with investments at this time.",conservative finance
Will I find clarity about my life direction?,Personal Growth,"The The Hanged Man reflects your inner development, suggesting challenges ahead will ultimately strengthen your resolve. seek learning opportunities that expand your worldview.",find clarity life direction
Is this financial partnership trustworthy?,Finance,"Your financial situation is reflected by the Four of Cups, showing that a new source of income may soon emerge. seek advice from a financial professional.",financial partnership trustworthy
How can I heal from my breakup?,Love,Your love situation is reflected in the Six of Cups. It indicates a new relationship may enter your life soon. Consider focus on self-love as the foundation for relationship success.,heal breakup
Should I purchase that expensive item I've been wanting?,Finance,"Your financial situation is reflected by the Wheel of Fortune, showing that your financial discipline will be rewarded. focus on building multiple streams of income.",purchase expensive item ive wanting
Will I face unexpected expenses soon?,Finance,"Your financial situation is reflected by the Queen of Cups, showing that careful planning now will lead to future stability. seek advice from a financial professional.",face unexpected expense soon
Should I save or invest my money right now?,Finance,"The The Tower appears in your financial reading, indicating your financial discipline will be rewarded. Consider seek advice from a financial professional.",save invest money right
Should I explore this new philosophy or belief system?,Personal Growth,"The Death reflects your inner development, suggesting challenges ahead will ultimately strengthen your resolve. explore meditation or contemplative practices.",explore new philosophy belief system
How can I live more authentically?,Personal Growth,"In your personal journey, the The Hanged Man emerges, indicating that connections with like-minded individuals will accelerate your growth. seek learning opportunities that expand your worldview.",live authentically
Should I trust my instincts about this important decision?,Personal Growth,"The Wheel of Fortune reflects your inner development, suggesting old limitations are dissolving as you embrace authenticity. maintain a regular journaling practice.",trust instinct important decision
Should I stay in my current relationship or move on?,Love,The energy of the The Moon surrounds your romantic situation. you're entering a period of emotional healing and growth. trust your intuition about this connection.,stay current relationship move
Will I receive the promotion I'm hoping for?,Career,Drawing the The Empress for your career question reveals that a leadership opportunity will soon present itself. Now is the time to trust your unique skills and perspective.,receive promotion im hoping
Should I pursue this creative passion?,Personal Growth,The energy of the Knight of Cups guides your personal growth. old limitations are dissolving as you embrace authenticity. explore meditation or contemplative practices.,pursue creative passion
Will I find a new job soon?,Career,"The Six of Cups indicates that professionally, a period of evaluation will lead to better career alignment. maintain balance between ambition and wellbeing.",find new job soon
How can I improve my work-life balance?,Career,Your work situation is influenced by the The Moon. This means a challenging project will ultimately benefit your growth. network with those in positions you aspire to.,improve worklife balance
Will I achieve my personal goals this year?,Personal Growth,"In your personal journey, the The Hanged Man emerges, indicating that spiritual insights will offer new perspectives. maintain a regular journaling practice.",achieve personal goal year
Will my healing process be quick?,Health,"For your health concerns, the The World indicates that listening to your body's signals will prevent future issues. seek balance between rest and activity.",healing process quick
Should I confess my feelings to my friend?,Love,Your love situation is reflected in the The High Priestess. It indicates existing bonds will strengthen through honest communication. Consider give yourself time to heal before moving forward.,confess feeling friend
Should I change my approach to managing money?,Finance,"The Two of Cups appears in your financial reading, indicating a cycle of scarcity is coming to an end. Consider seek advice from a financial professional.",change approach managing money
Will my colleagues support my new initiative?,Career,Drawing the The Hanged Man for your career question reveals that a leadership opportunity will soon present itself. Now is the time to be open to paths you hadn't previously considered.,colleague support new initiative
Is this business opportunity financially sound?,Finance,"The Nine of Cups appears in your financial reading, indicating unexpected expenses may require attention. Consider seek advice from a financial professional.",business opportunity financially sound
When will I know I've found the right person?,Love,The energy of the The Devil surrounds your romantic situation. a new relationship may enter your life soon. trust your intuition about this connection.,know ive found right person
Should I trust my instincts about this important decision?,Personal Growth,"Your spiritual path is illuminated by the The Hierophant, showing that connections with like-minded individuals will accelerate your growth. practice gratitude to enhance awareness of life's gifts.",trust instinct important decision
Will my test results be good?,Health,"Your wellbeing is influenced by the Page of Cups, which reveals connecting mind and body practices will accelerate healing. consider getting a second opinion about ongoing concerns.",test result good
How can I heal from my breakup?,Love,Your love situation is reflected in the King of Cups. It indicates unexpected romantic opportunities will appear. Consider open your heart to new possibilities.,heal breakup
Will my current job situation improve?,Career,"In your career path, the Wheel of Fortune appears, suggesting collaboration with others will bring unexpected success. network with those in positions you aspire to.",current job situation improve
Is there someone better for me out there?,Love,The energy of the Strength surrounds your romantic situation. a new relationship may enter your life soon. give yourself time to heal before moving forward.,someone better
How can I improve my relationship with money?,Finance,"Your financial situation is reflected by the Strength, showing that a new source of income may soon emerge. create a detailed budget for the coming months.",improve relationship money
How can I discover my true purpose?,Personal Growth,"Your spiritual path is illuminated by the The Hierophant, showing that a deeper understanding of yourself is developing. practice gratitude to enhance awareness of life's gifts.",discover true purpose
Will I receive the loan I applied for?,Finance,"The The Hierophant appears in your financial reading, indicating careful planning now will lead to future stability. Consider seek advice from a financial professional.",receive loan applied
How can I move on from unrequited love?,Love,The energy of the Three of Wands surrounds your romantic situation. unexpected romantic opportunities will appear. open your heart to new possibilities.,move unrequited love
How can I increase my income?,Finance,"Your financial situation is reflected by the Six of Cups, showing that unexpected expenses may require attention. create a detailed budget for the coming months.",increase income
How can I advance in my career?,Career,"The The Star indicates that professionally, a leadership opportunity will soon present itself. be open to paths you hadn't previously considered.",advance career
Will my creative project receive recognition?,Career,"The Seven of Cups indicates that professionally, a period of evaluation will lead to better career alignment. be open to paths you hadn't previously considered.",creative project receive recognition
How can I improve my work-life balance?,Career,"In your career path, the Page of Cups appears, suggesting a leadership opportunity will soon present itself. trust your unique skills and perspective.",improve worklife balance
How can I stand out in my industry?,Career,"The Nine of Cups indicates that professionally, your creative approach will lead to recognition. pursue additional training or education.",stand industry
Will I find job satisfaction soon?,Career,"The Justice indicates that professionally, a period of evaluation will lead to better career alignment. be open to paths you hadn't previously considered.",find job satisfaction soon
Will I face unexpected expenses soon?,Finance,"Regarding your finances, the Four of Wands suggests that a cycle of scarcity is coming to an end. seek advice from a financial professional.",face unexpected expense soon
Will my meditation practice deepen?,Personal Growth,"Your spiritual path is illuminated by the Justice, showing that connections with like-minded individuals will accelerate your growth. maintain a regular journaling practice.",meditation practice deepen
Should I ask for a raise now?,Career,Drawing the Four of Cups for your career question reveals that a leadership opportunity will soon present itself. Now is the time to be open to paths you hadn't previously considered.,ask raise
Should I relocate for my career?,Career,Your work situation is influenced by the Temperance. This means collaboration with others will bring unexpected success. maintain balance between ambition and wellbeing.,relocate career
How can I improve my relationship?,Love,Drawing the Temperance for your question about love shows that a new relationship may enter your life soon. communicate your needs more clearly.,improve relationship
Will this alternative therapy be beneficial for me?,Health,"For your health concerns, the Eight of Cups indicates that small, consistent changes will have significant impact. seek balance between rest and activity.",alternative therapy beneficial
Should I pursue spiritual development more seriously?,Personal Growth,The energy of the Ten of Cups guides your personal growth. spiritual insights will offer new perspectives. practice gratitude to enhance awareness of life's gifts.,pursue spiritual development seriously
How can I live more authentically?,Personal Growth,"In your personal journey, the The Fool emerges, indicating that a deeper understanding of yourself is developing. explore meditation or contemplative practices.",live authentically
Should I trust my instincts about this important decision?,Personal Growth,The energy of the Page of Cups guides your personal growth. a deeper understanding of yourself is developing. practice gratitude to enhance awareness of life's gifts.,trust instinct important decision
How can I achieve better balance in my physical wellbeing?,Health,"The Queen of Cups appears in your health reading, suggesting connecting mind and body practices will accelerate healing. consider getting a second opinion about ongoing concerns.",achieve better balance physical wellbeing
Should I trust my instincts about this important decision?,Personal Growth,"In your personal journey, the The Hermit emerges, indicating that a deeper understanding of yourself is developing. practice gratitude to enhance awareness of life's gifts.",trust instinct important decision
Will my test results be good?,Health,"The Justice appears in your health reading, suggesting listening to your body's signals will prevent future issues. find physical activities that bring you joy rather than obligation.",test result good
Will getting back with my ex work out?,Love,Your love situation is reflected in the Three of Cups. It indicates you're entering a period of emotional healing and growth. Consider give yourself time to heal before moving forward.,getting back ex work
Will my financial risk pay off?,Finance,"Regarding your finances, the Page of Cups suggests that unexpected expenses may require attention. be cautious with investments at this time.",financial risk pay
Will I receive the loan I applied for?,Finance,"Your financial situation is reflected by the Two of Cups, showing that a new source of income may soon emerge. focus on building multiple streams of income.",receive loan applied
Will I receive the financial windfall I'm hoping for?,Finance,"Your financial situation is reflected by the Queen of Cups, showing that a new source of income may soon emerge. seek advice from a financial professional.",receive financial windfall im hoping
Will my relationship survive this difficult period?,Love,The energy of the Two of Cups surrounds your romantic situation. existing bonds will strengthen through honest communication. give yourself time to heal before moving forward.,relationship survive difficult period
Will I face unexpected expenses soon?,Finance,"Regarding your finances, the The Magician suggests that a cycle of scarcity is coming to an end. seek advice from a financial professional.",face unexpected expense soon
Will I find a community where I truly belong?,Personal Growth,The energy of the The Hanged Man guides your personal growth. spiritual insights will offer new perspectives. maintain a regular journaling practice.,find community truly belong
Should I make a major purchase now?,Finance,"The The Star appears in your financial reading, indicating your financial discipline will be rewarded. Consider balance saving with allowing yourself small pleasures.",make major purchase
Should I be more proactive about preventative care?,Health,"Drawing the Five of Cups for your health question shows that small, consistent changes will have significant impact. incorporate more mindfulness into your daily routine.",proactive preventative care
How will my love life change in the coming months?,Love,The Three of Cups reveals that patience is needed in your love life. This suggests that unexpected romantic opportunities will appear. give yourself time to heal before moving forward.,love life change coming month
Will I receive the loan I applied for?,Finance,The energy of the Seven of Cups influences your financial path. your financial discipline will be rewarded. be cautious with investments at this time.,receive loan applied
Should I be more conservative with my finances?,Finance,The energy of the Nine of Cups influences your financial path. a new source of income may soon emerge. seek advice from a financial professional.,conservative finance
Will my creative project receive recognition?,Career,Your work situation is influenced by the The Hierophant. This means a leadership opportunity will soon present itself. trust your unique skills and perspective.,creative project receive recognition
Will my relationship survive this difficult period?,Love,The energy of the The High Priestess surrounds your romantic situation. you're entering a period of emotional healing and growth. trust your intuition about this connection.,relationship survive difficult period
How can I improve my sleep quality?,Health,"For your health concerns, the The Moon indicates that addressing stress will improve overall health. find physical activities that bring you joy rather than obligation.",improve sleep quality
Should I explore this new philosophy or belief system?,Personal Growth,"The Two of Wands reflects your inner development, suggesting a deeper understanding of yourself is developing. seek learning opportunities that expand your worldview.",explore new philosophy belief system
How can I best support my body during this time?,Health,"Drawing the Strength for your health question shows that small, consistent changes will have significant impact. incorporate more mindfulness into your daily routine.",best support body time
How can I improve my sleep quality?,Health,"Your wellbeing is influenced by the The Chariot, which reveals small, consistent changes will have significant impact. find physical activities that bring you joy rather than obligation.",improve sleep quality
Will I find a community where I truly belong?,Personal Growth,"Your spiritual path is illuminated by the The Empress, showing that spiritual insights will offer new perspectives. maintain a regular journaling practice.",find community truly belong
Should I take a risk with this career opportunity?,Career,Your work situation is influenced by the Five of Cups. This means a period of evaluation will lead to better career alignment. maintain balance between ambition and wellbeing.,take risk career opportunity
Will I find job satisfaction soon?,Career,"The King of Cups indicates that professionally, a leadership opportunity will soon present itself. trust your unique skills and perspective.",find job satisfaction soon
Will my relationship evolve into something more serious?,Love,Drawing the The Lovers for your question about love shows that unexpected romantic opportunities will appear. communicate your needs more clearly.,relationship evolve something serious
How can I maintain better wellness habits?,Health,"Drawing the The Lovers for your health question shows that small, consistent changes will have significant impact. seek balance between rest and activity.",maintain better wellness habit
Should I become more vulnerable in my relationships?,Personal Growth,"Your spiritual path is illuminated by the The Empress, showing that old limitations are dissolving as you embrace authenticity. maintain a regular journaling practice.",become vulnerable relationship
Should I be more proactive about preventative care?,Health,"Drawing the Ace of Wands for your health question shows that small, consistent changes will have significant impact. consider getting a second opinion about ongoing concerns.",proactive preventative care
How can I improve my work-life balance?,Career,"In your career path, the Eight of Cups appears, suggesting your creative approach will lead to recognition. be open to paths you hadn't previously considered.",improve worklife balance
How can I increase my energy levels?,Health,Drawing the Eight of Cups for your health question shows that connecting mind and body practices will accelerate healing. consider getting a second opinion about ongoing concerns.,increase energy level
Should I stay in my current relationship or move on?,Love,The energy of the The Tower surrounds your romantic situation. you're entering a period of emotional healing and growth. give yourself time to heal before moving forward.,stay current relationship move
Will I receive the financial windfall I'm hoping for?,Finance,"The Ace of Wands appears in your financial reading, indicating careful planning now will lead to future stability. Consider seek advice from a financial professional.",receive financial windfall im hoping
Should I trust my instincts about this important decision?,Personal Growth,"Your spiritual path is illuminated by the Two of Wands, showing that old limitations are dissolving as you embrace authenticity. seek learning opportunities that expand your worldview.",trust instinct important decision
Should I seek a second medical opinion?,Health,Drawing the The Moon for your health question shows that addressing stress will improve overall health. consider getting a second opinion about ongoing concerns.,seek second medical opinion
How can I advance in my career?,Career,Your work situation is influenced by the The Hierophant. This means collaboration with others will bring unexpected success. be open to paths you hadn't previously considered.,advance career
Is my marriage going to improve?,Love,The energy of the The Fool surrounds your romantic situation. you're entering a period of emotional healing and growth. communicate your needs more clearly.,marriage going improve
Should I forgive this person who hurt me?,Personal Growth,The energy of the Three of Wands guides your personal growth. old limitations are dissolving as you embrace authenticity. explore meditation or contemplative practices.,forgive person hurt
How can I create more abundance in my life?,Finance,"Your financial situation is reflected by the The Moon, showing that unexpected expenses may require attention. create a detailed budget for the coming months.",create abundance life
How can I best support my body during this time?,Health,Drawing the The Hermit for your health question shows that addressing stress will improve overall health. seek balance between rest and activity.,best support body time
How can I improve my relationship?,Love,Drawing the The Empress for your question about love shows that you're entering a period of emotional healing and growth. communicate your needs more clearly.,improve relationship
Will I get the job I applied for?,Career,Drawing the Six of Cups for your career question reveals that a period of evaluation will lead to better career alignment. Now is the time to trust your unique skills and perspective.,get job applied
Should I save or invest my money right now?,Finance,The energy of the The Moon influences your financial path. careful planning now will lead to future stability. create a detailed budget for the coming months.,save invest money right
Will I be able to pay off my debts?,Finance,"Your financial situation is reflected by the Nine of Cups, showing that unexpected expenses may require attention. balance saving with allowing yourself small pleasures.",able pay debt
Will my new health regimen lead to improvements?,Health,Drawing the Three of Wands for your health question shows that connecting mind and body practices will accelerate healing. seek balance between rest and activity.,new health regimen lead improvement
Is this the right time to launch my new venture?,Career,Drawing the The Star for your career question reveals that your creative approach will lead to recognition. Now is the time to maintain balance between ambition and wellbeing.,right time launch new venture
Will my long-distance relationship work out?,Love,The The Chariot reveals that deeper connections are forming in your love life. This suggests that a new relationship may enter your life soon. give yourself time to heal before moving forward.,longdistance relationship work
Will my business be successful?,Career,"In your career path, the The Emperor appears, suggesting a leadership opportunity will soon present itself. trust your unique skills and perspective.",business successful
Should I relocate for my career?,Career,"In your career path, the The Empress appears, suggesting your creative approach will lead to recognition. trust your unique skills and perspective.",relocate career
Should I accept the new job offer?,Career,"In your career path, the The Magician appears, suggesting a leadership opportunity will soon present itself. be open to paths you hadn't previously considered.",accept new job offer
How can I improve my mental health?,Health,"The Ten of Cups appears in your health reading, suggesting listening to your body's signals will prevent future issues. seek balance between rest and activity.",improve mental health
Should I change careers?,Career,Drawing the Strength for your career question reveals that a leadership opportunity will soon present itself. Now is the time to pursue additional training or education.,change career
How can I cultivate more gratitude in my life?,Personal Growth,"The Wheel of Fortune reflects your inner development, suggesting challenges ahead will ultimately strengthen your resolve. create boundaries that honor your authentic self.",cultivate gratitude life
How can I attract love into my life?,Love,The energy of the Temperance surrounds your romantic situation. a new relationship may enter your life soon. focus on self-love as the foundation for relationship success.,attract love life
How can I attract love into my life?,Love,The energy of the Temperance surrounds your romantic situation. a new relationship may enter your life soon. give yourself time to heal before moving forward.,attract love life
How can I attract love into my life?,Love,The The Tower reveals that new beginnings are on the horizon in your love life. This suggests that you may need to release past hurts to move forward. focus on self-love as the foundation for relationship success.,attract love life
Will I receive the loan I applied for?,Finance,The energy of the The Star influences your financial path. careful planning now will lead to future stability. create a detailed budget for the coming months.,receive loan applied
How can I reduce my stress levels?,Health,"For your health concerns, the Death indicates that connecting mind and body practices will accelerate healing. seek balance between rest and activity.",reduce stress level
Is my crush interested in me?,Love,The energy of the Page of Cups surrounds your romantic situation. existing bonds will strengthen through honest communication. communicate your needs more clearly.,crush interested
Will I find clarity about my life direction?,Personal Growth,"In your personal journey, the The Star emerges, indicating that a deeper understanding of yourself is developing. create boundaries that honor your authentic self.",find clarity life direction
Should I confess my feelings to my friend?,Love,The The Hermit reveals that there's a powerful transformation coming in your love life. This suggests that you're entering a period of emotional healing and growth. focus on self-love as the foundation for relationship success.,confess feeling friend
Should I be concerned about these symptoms?,Health,"For your health concerns, the Six of Cups indicates that a new approach to wellness will bring positive results. seek balance between rest and activity.",concerned symptom
Should I be more proactive about preventative care?,Health,"Your wellbeing is influenced by the Six of Cups, which reveals listening to your body's signals will prevent future issues. seek balance between rest and activity.",proactive preventative care
Will my creative project receive recognition?,Career,"In your career path, the Ace of Wands appears, suggesting a challenging project will ultimately benefit your growth. maintain balance between ambition and wellbeing.",creative project receive recognition
Will my new health regimen lead to improvements?,Health,"Drawing the The Fool for your health question shows that small, consistent changes will have significant impact. seek balance between rest and activity.",new health regimen lead improvement
How can I improve my work-life balance?,Career,"The Judgment indicates that professionally, a challenging project will ultimately benefit your growth. maintain balance between ambition and wellbeing.",improve worklife balance
Is my business partner trustworthy?,Career,"The The High Priestess indicates that professionally, a leadership opportunity will soon present itself. pursue additional training or education.",business partner trustworthy
Will my health challenges resolve this year?,Health,"For your health concerns, the Judgment indicates that a new approach to wellness will bring positive results. seek balance between rest and activity.",health challenge resolve year
How can I overcome these limiting beliefs?,Personal Growth,The energy of the The Chariot guides your personal growth. connections with like-minded individuals will accelerate your growth. maintain a regular journaling practice.,overcome limiting belief
Will this alternative therapy be beneficial for me?,Health,"Your wellbeing is influenced by the Wheel of Fortune, which reveals listening to your body's signals will prevent future issues. consider getting a second opinion about ongoing concerns.",alternative therapy beneficial
Is starting my own business a good idea?,Career,"In your career path, the Six of Cups appears, suggesting collaboration with others will bring unexpected success. trust your unique skills and perspective.",starting business good idea
How can I reduce my stress levels?,Health,"The Two of Wands appears in your health reading, suggesting connecting mind and body practices will accelerate healing. seek balance between rest and activity.",reduce stress level
Is my marriage going to improve?,Love,The Seven of Cups reveals that new beginnings are on the horizon in your love life. This suggests that you're entering a period of emotional healing and growth. communicate your needs more clearly.,marriage going improve
Should I be more conservative with my finances?,Finance,"The The Sun appears in your financial reading, indicating careful planning now will lead to future stability. Consider balance saving with allowing yourself small pleasures.",conservative finance
Will my health improve soon?,Health,"The The Magician appears in your health reading, suggesting connecting mind and body practices will accelerate healing. consider getting a second opinion about ongoing concerns.",health improve soon
Will I experience a spiritual awakening soon?,Personal Growth,"Your spiritual path is illuminated by the The Hierophant, showing that spiritual insights will offer new perspectives. seek learning opportunities that expand your worldview.",experience spiritual awakening soon
Will my financial risk pay off?,Finance,"Your financial situation is reflected by the Strength, showing that unexpected expenses may require attention. focus on building multiple streams of income.",financial risk pay
Will my financial sacrifices pay off in the long run?,Finance,The energy of the Death influences your financial path. a new source of income may soon emerge. balance saving with allowing yourself small pleasures.,financial sacrifice pay long run
Is my crush interested in me?,Love,Your love situation is reflected in the The Moon. It indicates a new relationship may enter your life soon. Consider communicate your needs more clearly.,crush interested
How will my love life change in the coming months?,Love,Your love situation is reflected in the The Hanged Man. It indicates you're entering a period of emotional healing and growth. Consider trust your intuition about this connection.,love life change coming month
Will this alternative therapy be beneficial for me?,Health,"The The Fool appears in your health reading, suggesting listening to your body's signals will prevent future issues. incorporate more mindfulness into your daily routine.",alternative therapy beneficial
Will my long-distance relationship work out?,Love,Drawing the The Fool for your question about love shows that unexpected romantic opportunities will appear. focus on self-love as the foundation for relationship success.,longdistance relationship work
Should I start this new fitness routine?,Health,"For your health concerns, the The Tower indicates that small, consistent changes will have significant impact. incorporate more mindfulness into your daily routine.",start new fitness routine
Will my new budget plan work?,Finance,"The Two of Cups appears in your financial reading, indicating unexpected expenses may require attention. Consider focus on building multiple streams of income.",new budget plan work
Is my partner being honest with me?,Love,Drawing the Two of Cups for your question about love shows that a new relationship may enter your life soon. trust your intuition about this connection.,partner honest
How can I strengthen my immune system?,Health,"The Six of Cups appears in your health reading, suggesting listening to your body's signals will prevent future issues. seek balance between rest and activity.",strengthen immune system
Will my relationship evolve into something more serious?,Love,The energy of the Nine of Cups surrounds your romantic situation. a new relationship may enter your life soon. communicate your needs more clearly.,relationship evolve something serious
Is my partner being honest with me?,Love,The Six of Cups reveals that new beginnings are on the horizon in your love life. This suggests that unexpected romantic opportunities will appear. focus on self-love as the foundation for relationship success.,partner honest
Will my colleagues support my new initiative?,Career,Drawing the Justice for your career question reveals that your creative approach will lead to recognition. Now is the time to be open to paths you hadn't previously considered.,colleague support new initiative
Will I be able to pay off my debts?,Finance,"Your financial situation is reflected by the Death, showing that a cycle of scarcity is coming to an end. seek advice from a financial professional.",able pay debt
Should I seek a second medical opinion?,Health,"Drawing the Eight of Cups for your health question shows that small, consistent changes will have significant impact. consider getting a second opinion about ongoing concerns.",seek second medical opinion
Should I pursue this creative passion?,Personal Growth,The energy of the Four of Cups guides your personal growth. connections with like-minded individuals will accelerate your growth. explore meditation or contemplative practices.,pursue creative passion
Should I pursue spiritual development more seriously?,Personal Growth,"In your personal journey, the Eight of Cups emerges, indicating that challenges ahead will ultimately strengthen your resolve. seek learning opportunities that expand your worldview.",pursue spiritual development seriously
How will my love life change in the coming months?,Love,Drawing the Nine of Cups for your question about love shows that existing bonds will strengthen through honest communication. give yourself time to heal before moving forward.,love life change coming month
Should I be more conservative with my finances?,Finance,"Your financial situation is reflected by the Page of Cups, showing that a new source of income may soon emerge. be cautious with investments at this time.",conservative finance
Am I on the right spiritual path?,Personal Growth,"In your personal journey, the The Hermit emerges, indicating that old limitations are dissolving as you embrace authenticity. seek learning opportunities that expand your worldview.",right spiritual path
Is this a good time to buy property?,Finance,The energy of the Strength influences your financial path. careful planning now will lead to future stability. seek advice from a financial professional.,good time buy property
How can I cultivate more gratitude in my life?,Personal Growth,"The The High Priestess reflects your inner development, suggesting spiritual insights will offer new perspectives. seek learning opportunities that expand your worldview.",cultivate gratitude life
Should I be more proactive about preventative care?,Health,"For your health concerns, the Temperance indicates that connecting mind and body practices will accelerate healing. find physical activities that bring you joy rather than obligation.",proactive preventative care
Will my chronic condition get better?,Health,"The The Lovers appears in your health reading, suggesting small, consistent changes will have significant impact. find physical activities that bring you joy rather than obligation.",chronic condition get better
Is my crush interested in me?,Love,The energy of the Justice surrounds your romantic situation. you may need to release past hurts to move forward. focus on self-love as the foundation for relationship success.,crush interested
When will I know I've found the right person?,Love,The Eight of Cups reveals that clarity is emerging from confusion in your love life. This suggests that a new relationship may enter your life soon. open your heart to new possibilities.,know ive found right person
Will this new medication help me?,Health,"For your health concerns, the Strength indicates that connecting mind and body practices will accelerate healing. incorporate more mindfulness into your daily routine.",new medication help
How can I strengthen my immune system?,Health,"The The Hanged Man appears in your health reading, suggesting listening to your body's signals will prevent future issues. incorporate more mindfulness into your daily routine.",strengthen immune system
Should I accept the new job offer?,Career,Drawing the The Tower for your career question reveals that a challenging project will ultimately benefit your growth. Now is the time to pursue additional training or education.,accept new job offer
Should I seek a second medical opinion?,Health,"For your health concerns, the The Magician indicates that listening to your body's signals will prevent future issues. find physical activities that bring you joy rather than obligation.",seek second medical opinion
Will I find job satisfaction soon?,Career,Your work situation is influenced by the Nine of Cups. This means a challenging project will ultimately benefit your growth. pursue additional training or education.,find job satisfaction soon
Will I overcome my fears?,Personal Growth,"The Strength reflects your inner development, suggesting connections with like-minded individuals will accelerate your growth. maintain a regular journaling practice.",overcome fear
Is this business opportunity financially sound?,Finance,The energy of the Strength influences your financial path. a cycle of scarcity is coming to an end. create a detailed budget for the coming months.,business opportunity financially sound
Will I find a new job soon?,Career,"In your career path, the Three of Wands appears, suggesting a period of evaluation will lead to better career alignment. be open to paths you hadn't previously considered.",find new job soon
Should I explore this new philosophy or belief system?,Personal Growth,"In your personal journey, the The Hanged Man emerges, indicating that spiritual insights will offer new perspectives. maintain a regular journaling practice.",explore new philosophy belief system
How can I improve my mental health?,Health,"For your health concerns, the Nine of Cups indicates that a new approach to wellness will bring positive results. find physical activities that bring you joy rather than obligation.",improve mental health
Will my financial risk pay off?,Finance,"Your financial situation is reflected by the Four of Wands, showing that a cycle of scarcity is coming to an end. focus on building multiple streams of income.",financial risk pay
